{
  "sos": [
    [0.2444056852342525 -0.488811370468505 0.2444056852342525 1.0 -0.9676762066248581 0.2661626919154533],
    [1.0 2.0 1.0 1.0 1.308164708347803 0.44609150712484336],
    [1.0 -2.0 1.0 1.0 -1.3363387905471038 0.6628102795790545],
    [1.0 2.0 1.0 1.0 1.6279061283127956 0.7663797729814777]
  ],
  "alpha_fast": 0.024690087971667385,
  "alpha_slow": 0.0008329862075416861
}